-- --------------------------------------------------------
-- Хост:                         127.0.0.1
-- Версия сервера:               5.7.19 - MySQL Community Server (GPL)
-- Операционная система:         Win64
-- HeidiSQL Версия:              9.4.0.5174
-- --------------------------------------------------------

/*!40101 SET @OLD_CHARACTER_SET_CLIENT=@@CHARACTER_SET_CLIENT */;
/*!40101 SET NAMES utf8 */;
/*!50503 SET NAMES utf8mb4 */;
/*!40014 SET @OLD_FOREIGN_KEY_CHECKS=@@FOREIGN_KEY_CHECKS, FOREIGN_KEY_CHECKS=0 */;
/*!40101 SET @OLD_SQL_MODE=@@SQL_MODE, SQL_MODE='NO_AUTO_VALUE_ON_ZERO' */;


-- Дамп структуры базы данных rio
CREATE DATABASE IF NOT EXISTS `rio` /*!40100 DEFAULT CHARACTER SET utf8 */;
USE `rio`;

-- Дамп структуры для таблица rio.articles
CREATE TABLE IF NOT EXISTS `articles` (
  `id` int(10) unsigned NOT NULL AUTO_INCREMENT,
  `title` varchar(255) COLLATE utf8mb4_unicode_ci NOT NULL,
  `text` text COLLATE utf8mb4_unicode_ci,
  `desc` text COLLATE utf8mb4_unicode_ci,
  `alias` varchar(150) COLLATE utf8mb4_unicode_ci NOT NULL,
  `img` varchar(255) COLLATE utf8mb4_unicode_ci NOT NULL,
  `created_at` timestamp NULL DEFAULT NULL,
  `updated_at` timestamp NULL DEFAULT NULL,
  `user_id` int(10) unsigned NOT NULL DEFAULT '1',
  `category_id` int(10) unsigned NOT NULL DEFAULT '1',
  `keywords` varchar(255) COLLATE utf8mb4_unicode_ci DEFAULT NULL,
  `meta_desc` varchar(255) COLLATE utf8mb4_unicode_ci DEFAULT NULL,
  PRIMARY KEY (`id`),
  UNIQUE KEY `articles_alias_unique` (`alias`),
  KEY `articles_user_id_foreign` (`user_id`),
  KEY `articles_category_id_foreign` (`category_id`),
  CONSTRAINT `articles_category_id_foreign` FOREIGN KEY (`category_id`) REFERENCES `categories` (`id`),
  CONSTRAINT `articles_user_id_foreign` FOREIGN KEY (`user_id`) REFERENCES `users` (`id`)
) ENGINE=InnoDB AUTO_INCREMENT=5 DEFAULT CHARSET=utf8mb4 COLLATE=utf8mb4_unicode_ci;

-- Дамп данных таблицы rio.articles: ~4 rows (приблизительно)
/*!40000 ALTER TABLE `articles` DISABLE KEYS */;
INSERT INTO `articles` (`id`, `title`, `text`, `desc`, `alias`, `img`, `created_at`, `updated_at`, `user_id`, `category_id`, `keywords`, `meta_desc`) VALUES
	(1, 'This is the title of the first article. Enjoy it', '<p>Fusce rutrum lectus id nibh ullamcorper aliquet. Pellentesque pretium mauris et augue fringilla non bibendum turpis iaculis. Donec sit amet nunc lorem. Sed fringilla vehicula est at pellentesque. Aenean imperdiet elementum arcu id facilisis. Mauris sed leo eros.</p>\\n<p>Duis nulla purus, malesuada in gravida sed, viverra at elit. Praesent nec purus sem, non imperdiet quam. Praesent tincidunt tortor eu libero scelerisque quis consequat justo elementum. Maecenas aliquet facilisis ipsum, commodo eleifend odio ultrices et. Maecenas arcu arcu, luctus a laoreet et, fermentum vel lectus. Cras consectetur ipsum venenatis ligula aliquam hendrerit. Suspendisse rhoncus hendrerit fermentum. Ut eget rhoncus purus.</p>\\n<p>Cras a tellus eu justo lobortis tristique et nec mauris. Etiam tincidunt tellus ut odio elementum adipiscing. Maecenas cursus dolor sit amet leo elementum ut semper velit lobortis. Pellentesque posue</p>\', \'Fusce nec accumsan eros. Aenean ac orci a magna vestibulum posuere quis nec nisi. Maecenas rutrum vehicula condimentum. Donec volutpat nisl ac mauris consectetur gravida.\\r\\n\\r\\nLorem ipsum dolor sit amet, consectetur adipiscing elit. Donec vel vulputate nibh. Pellentesque habitant morbi tristique senectus et netus et malesuada fames ac turpis egestas.\\r\\n\\r\\nIn facilisis ornare arcu, sodales facilisis neque blandit ac. Ut blandit ipsum quis arcu adipiscing sit amet semper sem feugiat. Nam sed dapibus arcu. Nullam eleifend molestie lectus. Nullam nec risus purus', '<p>Fusce rutrum lectus id nibh ullamcorper aliquet. Pellentesque pretium mauris et augue fringilla non bibendum turpis iaculis. Donec sit amet nunc lorem. Sed fringilla vehicula est at pellentesque. Aenean imperdiet elementum arcu id facilisis. Mauris sed leo eros.</p>\\n<p>Duis nulla purus, malesuada in gravida sed, viverra at elit. Praesent nec purus sem, non imperdiet quam. Praesent tincidunt tortor eu libero scelerisque quis consequat justo elementum. Maecenas aliquet facilisis ipsum, commodo eleifend odio ultrices et. Maecenas arcu arcu, luctus a laoreet et, fermentum vel lectus. Cras consectetur ipsum venenatis ligula aliquam hendrerit. Suspendisse rhoncus hendrerit fermentum. Ut eget rhoncus purus.</p>\\n<p>Cras a tellus eu justo lobortis tristique et nec mauris. Etiam tincidunt tellus ut odio elementum adipiscing. Maecenas cursus dolor sit amet leo elementum ut semper velit lobortis. Pellentesque posue</p>\', \'Fusce nec accumsan eros. Aenean ac orci a magna vestibulum posuere quis nec nisi. Maecenas rutrum vehicula condimentum. Donec volutpat nisl ac mauris consectetur gravida.\\r\\n\\r\\nLorem ipsum dolor sit amet, consectetur adipiscing elit. Donec vel vulputate nibh. Pellentesque habitant morbi tristique senectus et netus et malesuada fames ac turpis egestas.\\r\\n\\r\\nIn facilisis ornare arcu, sodales facilisis neque blandit ac. Ut blandit ipsum quis arcu adipiscing sit amet semper sem feugiat. Nam sed dapibus arcu. Nullam eleifend molestie lectus. Nullam nec risus purus', 'article-1', '{"mini":"003-55x55.jpg ","max":"003-816x282.jpg ","path":"0081-700x345.jpg"}', '2017-09-22 18:21:24', '2017-09-22 18:21:25', 1, 1, 'ключи', 'краткое описание'),
	(2, 'Nice & Clean. The best for your blog!', '<p>Fusce rutrum lectus id nibh ullamcorper aliquet. Pellentesque pretium mauris et augue fringilla non bibendum turpis iaculis. Donec sit amet nunc lorem. Sed fringilla vehicula est at pellentesque. Aenean imperdiet elementum arcu id facilisis. Mauris sed leo eros.</p>\\n<p>Duis nulla purus, malesuada in gravida sed, viverra at elit. Praesent nec purus sem, non imperdiet quam. Praesent tincidunt tortor eu libero scelerisque quis consequat justo elementum. Maecenas aliquet facilisis ipsum, commodo eleifend odio ultrices et. Maecenas arcu arcu, luctus a laoreet et, fermentum vel lectus. Cras consectetur ipsum venenatis ligula aliquam hendrerit. Suspendisse rhoncus hendrerit fermentum. Ut eget rhoncus purus.</p>\\n<p>Cras a tellus eu justo lobortis tristique et nec mauris. Etiam tincidunt tellus ut odio elementum adipiscing. Maecenas cursus dolor sit amet leo elementum ut semper velit lobortis. Pellentesque posue</p>\', \'Fusce nec accumsan eros. Aenean ac orci a magna vestibulum posuere quis nec nisi. Maecenas rutrum vehicula condimentum. Donec volutpat nisl ac mauris consectetur gravida.\\r\\n\\r\\nLorem ipsum dolor sit amet, consectetur adipiscing elit. Donec vel vulputate nibh. Pellentesque habitant morbi tristique senectus et netus et malesuada fames ac turpis egestas.\\r\\n\\r\\nIn facilisis ornare arcu, sodales facilisis neque blandit ac. Ut blandit ipsum quis arcu adipiscing sit amet semper sem feugiat. Nam sed dapibus arcu. Nullam eleifend molestie lectus. Nullam nec risus purus.', '<p>Fusce rutrum lectus id nibh ullamcorper aliquet. Pellentesque pretium mauris et augue fringilla non bibendum turpis iaculis. Donec sit amet nunc lorem. Sed fringilla vehicula est at pellentesque. Aenean imperdiet elementum arcu id facilisis. Mauris sed leo eros.</p>\\n<p>Duis nulla purus, malesuada in gravida sed, viverra at elit. Praesent nec purus sem, non imperdiet quam. Praesent tincidunt tortor eu libero scelerisque quis consequat justo elementum. Maecenas aliquet facilisis ipsum, commodo eleifend odio ultrices et. Maecenas arcu arcu, luctus a laoreet et, fermentum vel lectus. Cras consectetur ipsum venenatis ligula aliquam hendrerit. Suspendisse rhoncus hendrerit fermentum. Ut eget rhoncus purus.</p>\\n<p>Cras a tellus eu justo lobortis tristique et nec mauris. Etiam tincidunt tellus ut odio elementum adipiscing. Maecenas cursus dolor sit amet leo elementum ut semper velit lobortis. Pellentesque posue</p>\', \'Fusce nec accumsan eros. Aenean ac orci a magna vestibulum posuere quis nec nisi. Maecenas rutrum vehicula condimentum. Donec volutpat nisl ac mauris consectetur gravida.\\r\\n\\r\\nLorem ipsum dolor sit amet, consectetur adipiscing elit. Donec vel vulputate nibh. Pellentesque habitant morbi tristique senectus et netus et malesuada fames ac turpis egestas.\\r\\n\\r\\nIn facilisis ornare arcu, sodales facilisis neque blandit ac. Ut blandit ipsum quis arcu adipiscing sit amet semper sem feugiat. Nam sed dapibus arcu. Nullam eleifend molestie lectus. Nullam nec risus purus.', 'article-2', '{"mini":"001-55x55.png ","max":"001-816x282.png ","path":"0081-700x345.jpg"}', '2017-09-22 18:22:06', '2017-09-22 18:22:06', 1, 2, '', ''),
	(3, 'Section shortcodes & sticky posts!', '<p>Fusce rutrum lectus id nibh ullamcorper aliquet. Pellentesque pretium mauris et augue fringilla non bibendum turpis iaculis. Donec sit amet nunc lorem. Sed fringilla vehicula est at pellentesque. Aenean imperdiet elementum arcu id facilisis. Mauris sed leo eros.</p>\\n<p>Duis nulla purus, malesuada in gravida sed, viverra at elit. Praesent nec purus sem, non imperdiet quam. Praesent tincidunt tortor eu libero scelerisque quis consequat justo elementum. Maecenas aliquet facilisis ipsum, commodo eleifend odio ultrices et. Maecenas arcu arcu, luctus a laoreet et, fermentum vel lectus. Cras consectetur ipsum venenatis ligula aliquam hendrerit. Suspendisse rhoncus hendrerit fermentum. Ut eget rhoncus purus.</p>\\n<p>Cras a tellus eu justo lobortis tristique et nec mauris. Etiam tincidunt tellus ut odio elementum adipiscing. Maecenas cursus dolor sit amet leo elementum ut semper velit lobortis. Pellentesque posue</p>\', \'Fusce nec accumsan eros. Aenean ac orci a magna vestibulum posuere quis nec nisi. Maecenas rutrum vehicula condimentum. Donec volutpat nisl ac mauris consectetur gravida.\\r\\n\\r\\nLorem ipsum dolor sit amet, consectetur adipiscing elit. Donec vel vulputate nibh. Pellentesque habitant morbi tristique senectus et netus et malesuada fames ac turpis egestas.\\r\\n\\r\\nIn facilisis ornare arcu, sodales facilisis neque blandit ac. Ut blandit ipsum quis arcu adipiscing sit amet semper sem feugiat. Nam sed dapibus arcu. Nullam eleifend molestie lectus. Nullam nec risus purus.', '<p>Fusce rutrum lectus id nibh ullamcorper aliquet. Pellentesque pretium mauris et augue fringilla non bibendum turpis iaculis. Donec sit amet nunc lorem. Sed fringilla vehicula est at pellentesque. Aenean imperdiet elementum arcu id facilisis. Mauris sed leo eros.</p>\\n<p>Duis nulla purus, malesuada in gravida sed, viverra at elit. Praesent nec purus sem, non imperdiet quam. Praesent tincidunt tortor eu libero scelerisque quis consequat justo elementum. Maecenas aliquet facilisis ipsum, commodo eleifend odio ultrices et. Maecenas arcu arcu, luctus a laoreet et, fermentum vel lectus. Cras consectetur ipsum venenatis ligula aliquam hendrerit. Suspendisse rhoncus hendrerit fermentum. Ut eget rhoncus purus.</p>\\n<p>Cras a tellus eu justo lobortis tristique et nec mauris. Etiam tincidunt tellus ut odio elementum adipiscing. Maecenas cursus dolor sit amet leo elementum ut semper velit lobortis. Pellentesque posue</p>\', \'Fusce nec accumsan eros. Aenean ac orci a magna vestibulum posuere quis nec nisi. Maecenas rutrum vehicula condimentum. Donec volutpat nisl ac mauris consectetur gravida.\\r\\n\\r\\nLorem ipsum dolor sit amet, consectetur adipiscing elit. Donec vel vulputate nibh. Pellentesque habitant morbi tristique senectus et netus et malesuada fames ac turpis egestas.\\r\\n\\r\\nIn facilisis ornare arcu, sodales facilisis neque blandit ac. Ut blandit ipsum quis arcu adipiscing sit amet semper sem feugiat. Nam sed dapibus arcu. Nullam eleifend molestie lectus. Nullam nec risus purus.', 'article-3', '{"mini":"0037-55x55.jpg ","max":"00212-816x282.jpg ","path":"0081-700x345.jpg"}', '2017-09-22 18:22:45', '2017-09-22 18:22:45', 1, 1, '', ''),
	(4, 'article-111', '<p>asd</p>', NULL, 'privet', '{"mini":"AyPW6QJVmini.jpg","max":"AyPW6QJVmaxi.jpg","path":"AyPW6QJVpath.jpg"}', '2017-11-23 14:39:11', '2017-11-23 14:39:11', 1, 2, NULL, NULL);
/*!40000 ALTER TABLE `articles` ENABLE KEYS */;

-- Дамп структуры для таблица rio.categories
CREATE TABLE IF NOT EXISTS `categories` (
  `id` int(10) unsigned NOT NULL AUTO_INCREMENT,
  `title` varchar(255) COLLATE utf8mb4_unicode_ci NOT NULL,
  `parent_id` int(11) NOT NULL DEFAULT '0',
  `alias` varchar(255) COLLATE utf8mb4_unicode_ci NOT NULL,
  `created_at` timestamp NULL DEFAULT NULL,
  `updated_at` timestamp NULL DEFAULT NULL,
  PRIMARY KEY (`id`),
  UNIQUE KEY `categories_alias_unique` (`alias`)
) ENGINE=InnoDB AUTO_INCREMENT=5 DEFAULT CHARSET=utf8mb4 COLLATE=utf8mb4_unicode_ci;

-- Дамп данных таблицы rio.categories: ~4 rows (приблизительно)
/*!40000 ALTER TABLE `categories` DISABLE KEYS */;
INSERT INTO `categories` (`id`, `title`, `parent_id`, `alias`, `created_at`, `updated_at`) VALUES
	(1, 'Блог', 0, 'Blog', NULL, NULL),
	(2, 'Компьютеры', 1, 'Computers', NULL, NULL),
	(3, 'Советы', 1, 'soveti', NULL, NULL),
	(4, 'Интересное', 1, 'interesting', NULL, NULL);
/*!40000 ALTER TABLE `categories` ENABLE KEYS */;

-- Дамп структуры для таблица rio.comments
CREATE TABLE IF NOT EXISTS `comments` (
  `id` int(10) unsigned NOT NULL AUTO_INCREMENT,
  `text` text COLLATE utf8mb4_unicode_ci NOT NULL,
  `name` varchar(255) COLLATE utf8mb4_unicode_ci NOT NULL,
  `email` varchar(255) COLLATE utf8mb4_unicode_ci NOT NULL,
  `site` varchar(255) COLLATE utf8mb4_unicode_ci DEFAULT NULL,
  `parent_id` int(11) DEFAULT '0',
  `created_at` timestamp NULL DEFAULT NULL,
  `updated_at` timestamp NULL DEFAULT NULL,
  `article_id` int(10) unsigned NOT NULL DEFAULT '1',
  `user_id` int(10) unsigned DEFAULT NULL,
  PRIMARY KEY (`id`),
  KEY `comments_article_id_foreign` (`article_id`),
  KEY `comments_user_id_foreign` (`user_id`),
  CONSTRAINT `comments_article_id_foreign` FOREIGN KEY (`article_id`) REFERENCES `articles` (`id`),
  CONSTRAINT `comments_user_id_foreign` FOREIGN KEY (`user_id`) REFERENCES `users` (`id`)
) ENGINE=InnoDB AUTO_INCREMENT=148 DEFAULT CHARSET=utf8mb4 COLLATE=utf8mb4_unicode_ci;

-- Дамп данных таблицы rio.comments: ~21 rows (приблизительно)
/*!40000 ALTER TABLE `comments` DISABLE KEYS */;
INSERT INTO `comments` (`id`, `text`, `name`, `email`, `site`, `parent_id`, `created_at`, `updated_at`, `article_id`, `user_id`) VALUES
	(1, 'Hello world', 'name', 'maxus.star@gmail.com', 'site.ru', 0, '2017-10-25 15:52:01', '2017-10-25 15:52:02', 1, 1),
	(2, 'Ghbdtn', 'name', 'email', 'site.ru', 0, '2017-10-25 15:52:01', '2017-10-25 15:52:02', 1, 1),
	(3, 'Привет', 'name', 'email', 'site.ru', 1, '2017-10-25 15:52:01', '2017-10-25 15:52:02', 1, 1),
	(4, 'Хуле надо', 'name', 'email', 'site.ru', 3, '2017-10-25 15:52:01', '2017-10-25 15:52:02', 1, 1),
	(5, 'Hello world', 'name', 'email', 'site.ru', 2, '2017-10-25 15:52:01', '2017-10-25 15:52:02', 1, 1),
	(6, '1weqdfgh', '123', 'maxus.star@gmail.com', '123', 3, '2017-11-02 10:54:47', '2017-11-02 10:54:47', 1, NULL),
	(7, '123', '123', 'maxus.star@gmail.com', NULL, 1, '2017-11-02 11:14:34', '2017-11-02 11:14:34', 1, NULL),
	(70, '543345', '12343', '12323', NULL, 0, '2017-11-04 06:53:27', '2017-11-04 06:53:27', 2, NULL),
	(71, '543345', '12343', '12323', NULL, 0, '2017-11-04 06:53:58', '2017-11-04 06:53:58', 2, NULL),
	(72, '123', 'max', 'maxus.star@gmail.com', NULL, 0, '2017-11-25 00:50:46', '2017-11-25 00:50:46', 4, NULL),
	(73, '123', '123', '123', NULL, 2, '2018-03-27 11:16:57', '2018-03-27 11:16:57', 1, NULL),
	(74, '1234', '123', '123', NULL, 0, '2018-03-27 11:17:22', '2018-03-27 11:17:22', 1, NULL),
	(75, '12344', '123', '123', '123', 0, '2018-03-27 11:31:44', '2018-03-27 11:31:44', 1, NULL),
	(140, '123', '123', '123', '123', 70, '2018-03-30 08:19:51', '2018-03-30 08:19:51', 2, NULL),
	(141, '66', '66', '66', '66', 70, '2018-03-30 08:20:59', '2018-03-30 08:20:59', 2, NULL),
	(142, '77', '77', '77', '77', 0, '2018-03-30 08:21:29', '2018-03-30 08:21:29', 2, NULL),
	(143, '123', '123', '123', '123', 0, '2018-03-30 08:23:14', '2018-03-30 08:23:14', 2, NULL),
	(144, '123', '231', '123', '231', 4, '2018-03-30 08:57:54', '2018-03-30 08:57:54', 1, NULL),
	(145, '123', '231', '123', '231', 4, '2018-03-30 08:59:50', '2018-03-30 08:59:50', 1, NULL),
	(146, '123', '231', '123', '231', 0, '2018-03-30 09:01:53', '2018-03-30 09:01:53', 1, NULL),
	(147, 'sdfg', 'maxus', 'maxus.star@gmail.com', NULL, 72, '2018-07-05 11:39:57', '2018-07-05 11:39:57', 4, 1);
/*!40000 ALTER TABLE `comments` ENABLE KEYS */;

-- Дамп структуры для таблица rio.filters
CREATE TABLE IF NOT EXISTS `filters` (
  `id` int(10) unsigned NOT NULL AUTO_INCREMENT,
  `title` varchar(255) COLLATE utf8mb4_unicode_ci NOT NULL,
  `alias` varchar(150) COLLATE utf8mb4_unicode_ci NOT NULL,
  `created_at` timestamp NULL DEFAULT NULL,
  `updated_at` timestamp NULL DEFAULT NULL,
  PRIMARY KEY (`id`),
  UNIQUE KEY `filters_alias_unique` (`alias`)
) ENGINE=InnoDB AUTO_INCREMENT=2 DEFAULT CHARSET=utf8mb4 COLLATE=utf8mb4_unicode_ci;

-- Дамп данных таблицы rio.filters: ~0 rows (приблизительно)
/*!40000 ALTER TABLE `filters` DISABLE KEYS */;
INSERT INTO `filters` (`id`, `title`, `alias`, `created_at`, `updated_at`) VALUES
	(1, 'Brand Identity', 'brand-identity', '2017-09-22 18:23:38', '2017-09-22 18:23:38');
/*!40000 ALTER TABLE `filters` ENABLE KEYS */;

-- Дамп структуры для таблица rio.menus
CREATE TABLE IF NOT EXISTS `menus` (
  `id` int(10) unsigned NOT NULL AUTO_INCREMENT,
  `title` varchar(255) COLLATE utf8mb4_unicode_ci NOT NULL,
  `path` varchar(255) COLLATE utf8mb4_unicode_ci NOT NULL,
  `parent` int(11) NOT NULL DEFAULT '0',
  `created_at` timestamp NULL DEFAULT NULL,
  `updated_at` timestamp NULL DEFAULT NULL,
  PRIMARY KEY (`id`)
) ENGINE=InnoDB AUTO_INCREMENT=9 DEFAULT CHARSET=utf8mb4 COLLATE=utf8mb4_unicode_ci;

-- Дамп данных таблицы rio.menus: ~8 rows (приблизительно)
/*!40000 ALTER TABLE `menus` DISABLE KEYS */;
INSERT INTO `menus` (`id`, `title`, `path`, `parent`, `created_at`, `updated_at`) VALUES
	(1, 'Главная', '', 0, '2017-09-22 18:24:43', '2017-09-22 18:24:43'),
	(2, 'Блог', 'articles', 0, '2017-09-22 18:24:43', '2017-09-22 18:24:43'),
	(3, 'Компьютеры', 'articles/cat/computers', 2, '2017-09-22 18:24:43', '2017-09-22 18:24:43'),
	(4, 'Интересное', 'articles/cat/interesting', 2, '2017-09-22 18:24:43', '2017-09-22 18:24:43'),
	(5, 'Советы', 'articles/cat/soveti', 2, '2017-09-22 18:27:25', '2017-09-22 18:27:25'),
	(6, 'Портфолио', 'portfolios', 0, '2017-09-22 18:27:25', '2017-09-22 18:27:25'),
	(7, 'Контакты', 'contacts', 0, '2017-09-22 18:28:15', '2017-09-22 18:28:15'),
	(8, 'Админка', 'admin', 0, NULL, NULL);
/*!40000 ALTER TABLE `menus` ENABLE KEYS */;

-- Дамп структуры для таблица rio.migrations
CREATE TABLE IF NOT EXISTS `migrations` (
  `id` int(10) unsigned NOT NULL AUTO_INCREMENT,
  `migration` varchar(255) COLLATE utf8mb4_unicode_ci NOT NULL,
  `batch` int(11) NOT NULL,
  PRIMARY KEY (`id`)
) ENGINE=InnoDB AUTO_INCREMENT=22 DEFAULT CHARSET=utf8mb4 COLLATE=utf8mb4_unicode_ci;

-- Дамп данных таблицы rio.migrations: ~21 rows (приблизительно)
/*!40000 ALTER TABLE `migrations` DISABLE KEYS */;
INSERT INTO `migrations` (`id`, `migration`, `batch`) VALUES
	(1, '2014_10_12_000000_create_users_table', 1),
	(2, '2014_10_12_100000_create_password_resets_table', 1),
	(3, '2017_09_20_095917_create_articles_table', 1),
	(4, '2017_09_20_100544_create_portfolios_table', 1),
	(5, '2017_09_20_100953_create_filters_table', 1),
	(6, '2017_09_20_101137_create_comments_table', 1),
	(7, '2017_09_20_103426_create_sliders_table', 1),
	(8, '2017_09_20_103611_create_menus_table', 1),
	(9, '2017_09_20_103746_create_categories_table', 1),
	(10, '2017_09_20_110657_change_articles_table', 2),
	(11, '2017_09_20_111242_change_comments_table', 2),
	(12, '2017_09_20_113438_change_portfolios_table', 3),
	(13, '2017_11_05_064742_Change_articles_table', 4),
	(14, '2017_11_06_074451_change_portfolios_table2', 5),
	(15, '2017_11_12_144503_change_users_table', 6),
	(16, '2017_11_14_093121_create_roles_table', 7),
	(17, '2017_11_14_093340_create_permissions_table', 7),
	(18, '2017_11_14_093631_create_permission_role_table', 7),
	(19, '2017_11_14_093736_create_role_user_table', 7),
	(20, '2017_11_14_094049_change_role_user_table', 8),
	(21, '2017_11_14_094131_change_permission_role_table', 8);
/*!40000 ALTER TABLE `migrations` ENABLE KEYS */;

-- Дамп структуры для таблица rio.password_resets
CREATE TABLE IF NOT EXISTS `password_resets` (
  `email` varchar(255) COLLATE utf8mb4_unicode_ci NOT NULL,
  `token` varchar(255) COLLATE utf8mb4_unicode_ci NOT NULL,
  `created_at` timestamp NULL DEFAULT NULL,
  KEY `password_resets_email_index` (`email`)
) ENGINE=InnoDB DEFAULT CHARSET=utf8mb4 COLLATE=utf8mb4_unicode_ci;

-- Дамп данных таблицы rio.password_resets: ~0 rows (приблизительно)
/*!40000 ALTER TABLE `password_resets` DISABLE KEYS */;
/*!40000 ALTER TABLE `password_resets` ENABLE KEYS */;

-- Дамп структуры для таблица rio.permissions
CREATE TABLE IF NOT EXISTS `permissions` (
  `id` int(10) unsigned NOT NULL AUTO_INCREMENT,
  `name` varchar(255) COLLATE utf8mb4_unicode_ci NOT NULL,
  `created_at` timestamp NULL DEFAULT NULL,
  `updated_at` timestamp NULL DEFAULT NULL,
  PRIMARY KEY (`id`)
) ENGINE=InnoDB AUTO_INCREMENT=10 DEFAULT CHARSET=utf8mb4 COLLATE=utf8mb4_unicode_ci;

-- Дамп данных таблицы rio.permissions: ~9 rows (приблизительно)
/*!40000 ALTER TABLE `permissions` DISABLE KEYS */;
INSERT INTO `permissions` (`id`, `name`, `created_at`, `updated_at`) VALUES
	(1, 'VIEW_ADMIN', '2017-11-14 14:23:19', NULL),
	(2, 'ADD_ARTICLES', '2017-11-14 14:23:18', NULL),
	(3, 'UPDATE_ARTICLES', '2017-11-14 14:23:17', NULL),
	(4, 'DELETE_ARTICLES', '2017-11-14 14:23:16', NULL),
	(5, 'ADMIN_USERS', '2017-11-14 14:23:15', NULL),
	(6, 'VIEW_ADMIN_ARTICLES', '2017-11-14 14:23:12', NULL),
	(7, 'EDIT_USERS', '2017-11-14 14:23:05', NULL),
	(8, 'VIEW_ADMIN_MENU', NULL, NULL),
	(9, 'EDIT_MENU', NULL, NULL);
/*!40000 ALTER TABLE `permissions` ENABLE KEYS */;

-- Дамп структуры для таблица rio.permission_role
CREATE TABLE IF NOT EXISTS `permission_role` (
  `id` int(10) unsigned NOT NULL AUTO_INCREMENT,
  `created_at` timestamp NULL DEFAULT NULL,
  `updated_at` timestamp NULL DEFAULT NULL,
  `role_id` int(10) unsigned NOT NULL DEFAULT '1',
  `permission_id` int(10) unsigned NOT NULL DEFAULT '1',
  PRIMARY KEY (`id`),
  KEY `permission_role_role_id_foreign` (`role_id`),
  KEY `permission_role_permission_id_foreign` (`permission_id`),
  CONSTRAINT `permission_role_permission_id_foreign` FOREIGN KEY (`permission_id`) REFERENCES `permissions` (`id`),
  CONSTRAINT `permission_role_role_id_foreign` FOREIGN KEY (`role_id`) REFERENCES `roles` (`id`)
) ENGINE=InnoDB AUTO_INCREMENT=13 DEFAULT CHARSET=utf8mb4 COLLATE=utf8mb4_unicode_ci;

-- Дамп данных таблицы rio.permission_role: ~9 rows (приблизительно)
/*!40000 ALTER TABLE `permission_role` DISABLE KEYS */;
INSERT INTO `permission_role` (`id`, `created_at`, `updated_at`, `role_id`, `permission_id`) VALUES
	(1, '2017-11-14 14:24:31', '2017-11-14 14:24:35', 1, 1),
	(2, '2017-11-14 14:25:26', NULL, 1, 2),
	(3, '2017-11-14 14:25:28', NULL, 1, 3),
	(4, '2017-11-14 14:25:29', NULL, 1, 4),
	(5, '2017-11-14 14:25:30', NULL, 1, 5),
	(6, '2017-11-14 14:25:31', NULL, 1, 6),
	(7, '2017-11-14 14:25:32', NULL, 1, 7),
	(11, NULL, NULL, 1, 8),
	(12, NULL, NULL, 1, 9);
/*!40000 ALTER TABLE `permission_role` ENABLE KEYS */;

-- Дамп структуры для таблица rio.portfolios
CREATE TABLE IF NOT EXISTS `portfolios` (
  `id` int(10) unsigned NOT NULL AUTO_INCREMENT,
  `title` varchar(255) COLLATE utf8mb4_unicode_ci NOT NULL,
  `text` text COLLATE utf8mb4_unicode_ci NOT NULL,
  `customer` varchar(150) COLLATE utf8mb4_unicode_ci NOT NULL,
  `alias` varchar(150) COLLATE utf8mb4_unicode_ci NOT NULL,
  `img` varchar(255) COLLATE utf8mb4_unicode_ci NOT NULL,
  `created_at` timestamp NULL DEFAULT NULL,
  `updated_at` timestamp NULL DEFAULT NULL,
  `filter_alias` varchar(255) COLLATE utf8mb4_unicode_ci NOT NULL,
  `keywords` varchar(255) COLLATE utf8mb4_unicode_ci NOT NULL,
  `meta_desc` varchar(255) COLLATE utf8mb4_unicode_ci NOT NULL,
  PRIMARY KEY (`id`),
  UNIQUE KEY `portfolios_alias_unique` (`alias`),
  KEY `portfolios_filter_alias_foreign` (`filter_alias`),
  CONSTRAINT `portfolios_filter_alias_foreign` FOREIGN KEY (`filter_alias`) REFERENCES `filters` (`alias`)
) ENGINE=InnoDB AUTO_INCREMENT=10 DEFAULT CHARSET=utf8mb4 COLLATE=utf8mb4_unicode_ci;

-- Дамп данных таблицы rio.portfolios: ~9 rows (приблизительно)
/*!40000 ALTER TABLE `portfolios` DISABLE KEYS */;
INSERT INTO `portfolios` (`id`, `title`, `text`, `customer`, `alias`, `img`, `created_at`, `updated_at`, `filter_alias`, `keywords`, `meta_desc`) VALUES
	(1, 'Steep This!', 'Nullam volutpat, mauris scelerisque iaculis semper, justo odio rutrum urna, at cursus urna nisl et ipsum. Donec dapibus lacus nec sapien faucibus eget suscipit lorem mattis.\\r\\n\\r\\nDonec non mauris ac nulla consectetur pretium sit amet rhoncus neque. Maece [...]', 'Steep This!', 'project1', '{"mini":"0061-175x175.jpg","max":"0061-770x368.jpg","path":"0061.jpg"}', '2017-09-22 18:32:28', '2017-09-22 18:32:29', 'brand-identity', '', ''),
	(2, 'Kineda', 'Nullam volutpat, mauris scelerisque iaculis semper, justo odio rutrum urna, at cursus urna nisl et ipsum. Donec dapibus lacus nec sapien faucibus eget suscipit lorem mattis.\\r\\n\\r\\nDonec non mauris ac nulla consectetur pretium sit amet rhoncus neque. Maecenas aliquet, diam sed rhoncus vestibulum, sem lacus ultrices est, eu hendrerit tortor nulla in dui. Suspendisse enim purus, euismod interdum viverra eget, ultricies eu est. Maecenas dignissim mauris id est semper suscipit. Suspendisse venenatis vestibulum quam, quis porttitor arcu vestibulum et.\\r\\n\\r\\nSed porttitor eros ut purus elementum a consectetur purus vulputate', 'Steep This!', 'project2', '{"mini":"009-175x175.jpg","max":"009-770x368.jpg","path":"009.jpg"}', '2017-09-22 18:32:28', '2017-09-22 18:32:29', 'brand-identity', '', ''),
	(3, 'Love', 'Nullam volutpat, mauris scelerisque iaculis semper, justo odio rutrum urna, at cursus urna nisl et ipsum. Donec dapibus lacus nec sapien faucibus eget suscipit lorem mattis.\\r\\n\\r\\nDonec non mauris ac nulla consectetur pretium sit amet rhoncus neque. Maecenas aliquet, diam sed rhoncus vestibulum, sem lacus ultrices est, eu hendrerit tortor nulla in dui. Suspendisse enim purus, euismod interdum viverra eget, ultricies eu est. Maecenas dignissim mauris id est semper suscipit. Suspendisse venenatis vestibulum quam, quis porttitor arcu vestibulum et.\\r\\n\\r\\nSed porttitor eros ut purus elementum a consectetur purus vulputate', 'Steep This!', 'project3', '{"mini":"0011-175x175.jpg","max":"0043-770x368.jpg","path":"0043.jpg"}', '2017-09-22 18:32:28', '2017-09-22 18:32:29', 'brand-identity', '', ''),
	(4, 'Guanacos', 'Nullam volutpat, mauris scelerisque iaculis semper, justo odio rutrum urna, at cursus urna nisl et ipsum. Donec dapibus lacus nec sapien faucibus eget suscipit lorem mattis.\\r\\n\\r\\nDonec non mauris ac nulla consectetur pretium sit amet rhoncus neque. Maecenas aliquet, diam sed rhoncus vestibulum, sem lacus ultrices est, eu hendrerit tortor nulla in dui. Suspendisse enim purus, euismod interdum viverra eget, ultricies eu est. Maecenas dignissim mauris id est semper suscipit. Suspendisse venenatis vestibulum quam, quis porttitor arcu vestibulum et.\\r\\n\\r\\nSed porttitor eros ut purus elementum a consectetur purus vulputate', 'Steep This!', 'project4', '{"mini":"0027-175x175.jpg","max":"0027-770x368.jpg","path":"0027.jpg"}', '2017-09-22 18:32:28', '2017-09-22 18:32:29', 'brand-identity', '', ''),
	(5, 'Miller Bob', 'Nullam volutpat, mauris scelerisque iaculis semper, justo odio rutrum urna, at cursus urna nisl et ipsum. Donec dapibus lacus nec sapien faucibus eget suscipit lorem mattis.\\r\\n\\r\\nDonec non mauris ac nulla consectetur pretium sit amet rhoncus neque. Maecenas aliquet, diam sed rhoncus vestibulum, sem lacus ultrices est, eu hendrerit tortor nulla in dui. Suspendisse enim purus, euismod interdum viverra eget, ultricies eu est. Maecenas dignissim mauris id est semper suscipit. Suspendisse venenatis vestibulum quam, quis porttitor arcu vestibulum et.\\r\\n\\r\\nSed porttitor eros ut purus elementum a consectetur purus vulputate', 'Steep This!', 'project5', '{"mini":"0071-175x175.jpg","max":"0071-770x368.jpg","path":"0071.jpg"}', '2017-09-22 18:32:28', '2017-09-22 18:32:29', 'brand-identity', '', ''),
	(6, 'Nili Studios', 'Nullam volutpat, mauris scelerisque iaculis semper, justo odio rutrum urna, at cursus urna nisl et ipsum. Donec dapibus lacus nec sapien faucibus eget suscipit lorem mattis.\\r\\n\\r\\nDonec non mauris ac nulla consectetur pretium sit amet rhoncus neque. Maecenas aliquet, diam sed rhoncus vestibulum, sem lacus ultrices est, eu hendrerit tortor nulla in dui. Suspendisse enim purus, euismod interdum viverra eget, ultricies eu est. Maecenas dignissim mauris id est semper suscipit. Suspendisse venenatis vestibulum quam, quis porttitor arcu vestibulum et.\\r\\n\\r\\nSed porttitor eros ut purus elementum a consectetur purus vulputate', 'Steep This!', 'project6', '{"mini":"0052-175x175.jpg","max":"0052-770x368.jpg","path":"0052.jpg"}', '2017-09-22 18:32:28', '2017-09-22 18:32:29', 'brand-identity', '', ''),
	(7, 'VItale Premium', 'Nullam volutpat, mauris scelerisque iaculis semper, justo odio rutrum urna, at cursus urna nisl et ipsum. Donec dapibus lacus nec sapien faucibus eget suscipit lorem mattis.\\r\\n\\r\\nDonec non mauris ac nulla consectetur pretium sit amet rhoncus neque. Maecenas aliquet, diam sed rhoncus vestibulum, sem lacus ultrices est, eu hendrerit tortor nulla in dui. Suspendisse enim purus, euismod interdum viverra eget, ultricies eu est. Maecenas dignissim mauris id est semper suscipit. Suspendisse venenatis vestibulum quam, quis porttitor arcu vestibulum et.\\r\\n\\r\\nSed porttitor eros ut purus elementum a consectetur purus vulputate', 'Steep This!', 'project7', '{"mini":"0081-175x175.jpg","max":"0081-770x368.jpg","path":"0081.jpg"}', '2017-09-22 18:32:28', '2017-09-22 18:32:29', 'brand-identity', '', ''),
	(8, 'Digitpool Medien', 'Nullam volutpat, mauris scelerisque iaculis semper, justo odio rutrum urna, at cursus urna nisl et ipsum. Donec dapibus lacus nec sapien faucibus eget suscipit lorem mattis.\\r\\n\\r\\nDonec non mauris ac nulla consectetur pretium sit amet rhoncus neque. Maecenas aliquet, diam sed rhoncus vestibulum, sem lacus ultrices est, eu hendrerit tortor nulla in dui. Suspendisse enim purus, euismod interdum viverra eget, ultricies eu est. Maecenas dignissim mauris id est semper suscipit. Suspendisse venenatis vestibulum quam, quis porttitor arcu vestibulum et.\\r\\n\\r\\nSed porttitor eros ut purus elementum a consectetur purus vulputate', 'Steep This!', 'project8', '{"mini":"0071-175x175.jpg","max":"0071.jpg","path":"0071-770x368.jpg"}', '2017-09-22 18:32:28', '2017-09-22 18:32:29', 'brand-identity', '', ''),
	(9, 'Octopus', 'Nullam volutpat, mauris scelerisque iaculis semper, justo odio rutrum urna, at cursus urna nisl et ipsum. Donec dapibus lacus nec sapien faucibus eget suscipit lorem mattis.\\r\\n\\r\\nDonec non mauris ac nulla consectetur pretium sit amet rhoncus neque. Maecenas aliquet, diam sed rhoncus vestibulum, sem lacus ultrices est, eu hendrerit tortor nulla in dui. Suspendisse enim purus, euismod interdum viverra eget, ultricies eu est. Maecenas dignissim mauris id est semper suscipit. Suspendisse venenatis vestibulum quam, quis porttitor arcu vestibulum et.\\r\\n\\r\\nSed porttitor eros ut purus elementum a consectetur purus vulputate', 'Steep This!', 'project9', '{"mini":"0081-175x175.jpg","max":"0081.jpg","path":"0081-770x368.jpg"}', '2017-09-22 18:32:28', '2017-09-22 18:32:29', 'brand-identity', '', '');
/*!40000 ALTER TABLE `portfolios` ENABLE KEYS */;

-- Дамп структуры для таблица rio.roles
CREATE TABLE IF NOT EXISTS `roles` (
  `id` int(10) unsigned NOT NULL AUTO_INCREMENT,
  `name` varchar(255) COLLATE utf8mb4_unicode_ci NOT NULL,
  `created_at` timestamp NULL DEFAULT NULL,
  `updated_at` timestamp NULL DEFAULT NULL,
  PRIMARY KEY (`id`)
) ENGINE=InnoDB AUTO_INCREMENT=4 DEFAULT CHARSET=utf8mb4 COLLATE=utf8mb4_unicode_ci;

-- Дамп данных таблицы rio.roles: ~3 rows (приблизительно)
/*!40000 ALTER TABLE `roles` DISABLE KEYS */;
INSERT INTO `roles` (`id`, `name`, `created_at`, `updated_at`) VALUES
	(1, 'admin', NULL, NULL),
	(2, 'moderator', NULL, NULL),
	(3, 'guest', NULL, NULL);
/*!40000 ALTER TABLE `roles` ENABLE KEYS */;

-- Дамп структуры для таблица rio.role_user
CREATE TABLE IF NOT EXISTS `role_user` (
  `id` int(10) unsigned NOT NULL AUTO_INCREMENT,
  `created_at` timestamp NULL DEFAULT NULL,
  `updated_at` timestamp NULL DEFAULT NULL,
  `user_id` int(10) unsigned NOT NULL DEFAULT '1',
  `role_id` int(10) unsigned NOT NULL DEFAULT '1',
  PRIMARY KEY (`id`),
  KEY `role_user_user_id_foreign` (`user_id`),
  KEY `role_user_role_id_foreign` (`role_id`),
  CONSTRAINT `role_user_role_id_foreign` FOREIGN KEY (`role_id`) REFERENCES `roles` (`id`),
  CONSTRAINT `role_user_user_id_foreign` FOREIGN KEY (`user_id`) REFERENCES `users` (`id`)
) ENGINE=InnoDB AUTO_INCREMENT=4 DEFAULT CHARSET=utf8mb4 COLLATE=utf8mb4_unicode_ci;

-- Дамп данных таблицы rio.role_user: ~2 rows (приблизительно)
/*!40000 ALTER TABLE `role_user` DISABLE KEYS */;
INSERT INTO `role_user` (`id`, `created_at`, `updated_at`, `user_id`, `role_id`) VALUES
	(1, '2017-11-14 14:20:29', '2017-11-14 14:20:32', 1, 1),
	(3, NULL, NULL, 3, 1);
/*!40000 ALTER TABLE `role_user` ENABLE KEYS */;

-- Дамп структуры для таблица rio.sliders
CREATE TABLE IF NOT EXISTS `sliders` (
  `id` int(10) unsigned NOT NULL AUTO_INCREMENT,
  `title` varchar(255) COLLATE utf8mb4_unicode_ci NOT NULL,
  `desc` text COLLATE utf8mb4_unicode_ci NOT NULL,
  `img` varchar(255) COLLATE utf8mb4_unicode_ci NOT NULL,
  `created_at` timestamp NULL DEFAULT NULL,
  `updated_at` timestamp NULL DEFAULT NULL,
  PRIMARY KEY (`id`)
) ENGINE=InnoDB AUTO_INCREMENT=12 DEFAULT CHARSET=utf8mb4 COLLATE=utf8mb4_unicode_ci;

-- Дамп данных таблицы rio.sliders: ~3 rows (приблизительно)
/*!40000 ALTER TABLE `sliders` DISABLE KEYS */;
INSERT INTO `sliders` (`id`, `title`, `desc`, `img`, `created_at`, `updated_at`) VALUES
	(1, '<h2 style="color:#fff">CORPORATE, MULTIPURPOSE.. <br /><span>PINK RIO</span></h2>', 'Nam id quam a odio euismod pellentesque. Etiam congue rutrum risus non vestibulum. Quisque a diam at ligula blandit consequat. Mauris ac mi velit, a tempor neque', 'xx.jpg', NULL, NULL),
	(2, '<h2 style="color:#fff">PINKRIO. <span>STRONG AND POWERFUL.</span></h2>', 'Nam id quam a odio euismod pellentesque. Etiam congue rutrum risus non vestibulum. Quisque a diam at ligula blandit consequat. Mauris ac mi velit, a tempor neque', '00314.jpg', '2017-09-22 18:43:04', NULL),
	(11, '<h2 style="color:#fff">PINKRIO. <span>STRONG AND POWERFUL.</span></h2>', 'Nam id quam a odio euismod pellentesque. Etiam congue rutrum risus non vestibulum. Quisque a diam at ligula blandit consequat. Mauris ac mi velit, a tempor neque', 'dd.jpg', '2017-09-22 18:43:04', NULL);
/*!40000 ALTER TABLE `sliders` ENABLE KEYS */;

-- Дамп структуры для таблица rio.users
CREATE TABLE IF NOT EXISTS `users` (
  `id` int(10) unsigned NOT NULL AUTO_INCREMENT,
  `name` varchar(255) COLLATE utf8mb4_unicode_ci NOT NULL,
  `email` varchar(255) COLLATE utf8mb4_unicode_ci NOT NULL,
  `password` varchar(255) COLLATE utf8mb4_unicode_ci NOT NULL,
  `remember_token` varchar(100) COLLATE utf8mb4_unicode_ci DEFAULT NULL,
  `created_at` timestamp NULL DEFAULT NULL,
  `updated_at` timestamp NULL DEFAULT NULL,
  `login` varchar(255) COLLATE utf8mb4_unicode_ci NOT NULL,
  PRIMARY KEY (`id`),
  UNIQUE KEY `users_email_unique` (`email`),
  UNIQUE KEY `users_login_unique` (`login`)
) ENGINE=InnoDB AUTO_INCREMENT=4 DEFAULT CHARSET=utf8mb4 COLLATE=utf8mb4_unicode_ci;

-- Дамп данных таблицы rio.users: ~2 rows (приблизительно)
/*!40000 ALTER TABLE `users` DISABLE KEYS */;
INSERT INTO `users` (`id`, `name`, `email`, `password`, `remember_token`, `created_at`, `updated_at`, `login`) VALUES
	(1, 'maxus', 'maxus.star@gmail.com', '$2y$10$Ixyi7.sWQ.kj6ZppkM8evOLg2x6wyxC8aBzpUZtLVXngvDkqTF/l.', 'hKAGNYzFve2kqKhTGn9CVVFFfazRffJVhkRO3xYrjRcQF8KTj7Z7W7sYHeL4', '2017-09-20 11:40:52', '2017-09-20 11:40:52', 'maximilianno'),
	(3, 'maxus', 'maxus.star@yandex.ru', '$2y$10$ax4pBJKe6Uv7Z70xco.EOeoxH1o55xENpTQg.2hBtS4jVWfdRoT5O', 'q51GaZhJuGlHi4d8bpdfwZDpkQEECF747GOcpE2FSxYddK7mqFRyKnZ5SilU', '2018-07-05 07:56:58', '2018-07-05 07:56:58', 'maxus');
/*!40000 ALTER TABLE `users` ENABLE KEYS */;

/*!40101 SET SQL_MODE=IFNULL(@OLD_SQL_MODE, '') */;
/*!40014 SET FOREIGN_KEY_CHECKS=IF(@OLD_FOREIGN_KEY_CHECKS IS NULL, 1, @OLD_FOREIGN_KEY_CHECKS) */;
/*!40101 SET CHARACTER_SET_CLIENT=@OLD_CHARACTER_SET_CLIENT */;
